ori_first_two,data_year,Acquaintance,Babysittee,Boyfriend/Girlfriend,Child of Boyfriend/Girlfriend,Child,Employee,Employer,Friend,Grandchild,Grandparent,Homosexual Relationship,In-Law,Neighbor,Other Family Member,Otherwise Known,Parent,Relationship Unknown,Sibling,Stepchild,Spouse,Stepparent,Stepsibling,Stranger,Offender,Ex Spouse,Common Law Spouse
AK,2018,0,0,0,0,0,0,0,0,0,0,0,0,0,1,0,0,0,0,1,0,0,0,0,0,0,0
AK,2019,0,0,0,0,1,0,0,0,0,0,0,0,0,0,3,0,2,0,0,0,0,0,0,0,0,0
AK,2020,8,0,4,2,0,0,0,1,0,0,0,0,0,1,3,2,7,1,0,1,0,0,0,0,0,0
AK,2021,1540,9,1907,53,360,11,95,364,22,73,0,54,125,550,608,686,865,520,45,657,28,10,1597,365,64,24
AK,2022,1083,4,1614,43,330,18,27,342,34,68,0,36,137,515,672,645,798,521,48,618,43,15,1320,348,70,18
AL,2018,143,1,187,0,41,3,3,15,5,1,3,7,9,23,39,39,280,21,7,84,3,1,62,19,14,0
AL,2019,253,2,297,3,80,6,0,28,1,3,0,4,14,38,80,57,715,35,25,116,2,2,113,14,23,0
AL,2020,1260,0,1157,15,297,17,10,154,21,31,0,77,234,196,246,367,1732,171,73,568,26,10,479,159,173,86
AL,2021,11111,43,9607,706,1818,364,172,1347,118,326,0,493,2134,1887,3597,2947,9042,1471,383,4112,281,62,5336,669,2092,365
AL,2022,14041,77,13713,749,2660,496,214,1534,188,514,0,665,2644,2288,4434,4114,12982,1931,489,5922,371,67,5433,2239,2480,391
AR,2018,7484,56,9729,268,1937,179,115,1298,171,259,377,421,1032,1568,8041,2040,24611,1648,387,4064,261,67,2531,3401,1056,104
AR,2019,7618,33,10058,284,1997,166,106,1354,178,260,370,368,1129,1520,8157,2249,24274,1637,381,3980,259,67,2554,3544,1155,108
AR,2020,8048,38,11721,342,1917,142,95,1370,203,258,0,431,1359,1642,7240,2356,25283,1647,362,3966,284,81,2687,3426,1334,117
AR,2021,7862,25,11520,266,2106,169,135,1536,187,297,0,393,1388,1729,7567,2391,25866,1720,395,3883,296,59,2734,3693,1301,108
AR,2022,7584,38,10172,320,2068,216,108,1446,193,295,0,422,1336,1772,6785,2310,24040,1725,368,3609,306,73,3155,3487,1233,117
AZ,2018,513,11,920,39,273,19,9,132,27,19,21,26,67,120,441,362,173,225,53,493,37,13,672,296,97,12
AZ,2019,867,7,1099,29,310,21,32,262,17,72,0,49,123,243,786,707,911,313,62,618,55,24,1762,413,101,25
AZ,2020,2886,12,3844,145,1047,88,107,757,70,241,0,156,496,752,1970,1801,3858,1011,155,1681,158,50,5858,1758,257,79
AZ,2021,7265,54,9257,319,2379,175,220,1939,202,533,0,442,1236,1977,4336,4299,12190,2536,348,3947,374,104,13542,3545,619,206
AZ,2022,9294,47,10547,293,2670,299,283,2122,235,579,0,502,1258,2354,4955,4940,17287,2982,380,4569,378,115,16802,4900,681,257
CA,2018,0,0,0,0,0,0,0,0,0,0,0,0,0,0,0,0,0,0,0,0,0,0,0,0,0,0
CA,2019,0,0,0,0,0,0,0,0,0,0,0,0,0,0,0,0,1,0,0,1,0,0,0,0,0,0
CA,2020,17,1,2,12,3,0,0,2,0,0,0,0,1,3,2,0,50,0,2,2,0,0,12,0,1,0
CA,2021,7655,47,11078,1419,4219,284,214,2054,209,323,0,568,1691,1710,5448,2837,111644,1776,529,4660,258,97,17895,2788,751,381
CA,2022,22330,116,27643,1251,9932,803,704,5046,481,794,0,1354,4367,3664,15106,7304,142133,4611,1152,11885,621,223,46202,8238,1708,1067
CO,2018,8880,89,13603,337,2598,211,91,2119,225,211,660,338,1137,1516,7993,2214,11515,1503,490,6263,258,108,13469,3829,1158,821
CO,2019,12150,76,14339,348,2795,321,428,3078,198,496,112,442,1674,1914,9743,3506,34487,2007,470,6775,337,182,25755,3742,1430,883
CO,2020,11163,46,14854,305,2936,293,350,3163,225,460,0,465,2185,2041,9044,3807,41840,2276,494,6996,343,187,27776,3848,1360,824
CO,2021,12000,61,15185,321,3046,295,394,3060,254,541,0,485,2375,2147,10211,3868,45134,2267,486,6873,340,150,32057,4642,1487,847
CO,2022,12430,47,14056,297,2834,351,411,3038,222,526,0,460,2358,2206,9446,3827,44213,2128,449,7012,333,102,32648,4461,1523,714
CT,2018,3585,21,7553,326,999,68,59,629,55,82,315,113,329,1206,2706,1466,2028,1022,135,2019,131,34,2993,4102,532,97
CT,2019,3823,19,7783,197,1112,71,39,597,51,107,275,122,373,1126,2746,1504,2342,1067,135,1906,149,33,2967,3303,492,142
CT,2020,2872,13,7613,149,1097,43,32,575,51,120,11,107,467,1160,2674,1573,1978,1065,141,1869,168,35,3046,3130,439,138
CT,2021,3125,18,7970,81,1214,77,36,618,62,114,0,152,511,1224,2749,1589,3264,1131,158,2222,147,26,3464,3376,448,139
CT,2022,3296,21,7358,115,1319,77,31,622,64,98,0,156,516,1289,2788,1521,3121,1142,133,2093,154,30,3451,3253,473,102
DE,2018,3237,8,3164,123,726,29,22,476,54,111,193,96,319,570,2914,1015,2591,704,126,979,98,52,3040,2335,297,24
DE,2019,2996,11,2919,122,712,38,38,440,62,127,30,90,334,583,2934,933,2260,660,98,844,81,43,3079,2158,239,14
DE,2020,2458,13,2424,107,606,15,19,354,55,98,4,76,295,557,2412,844,2459,622,99,793,72,44,3135,1988,106,17
DE,2021,2473,4,2566,91,641,29,25,400,71,92,0,84,464,573,2462,805,2296,576,92,786,113,44,3110,2271,122,22
DE,2022,2660,7,2313,109,611,37,23,390,40,82,0,77,350,457,2532,823,2197,610,82,789,96,52,3038,2435,103,27
FL,2018,16,0,6,0,10,0,0,1,3,0,0,0,0,29,24,0,22,5,6,4,2,1,7,0,0,0
FL,2019,71,0,40,6,18,0,1,5,8,0,0,1,3,48,89,4,36,10,3,6,4,4,21,0,3,0
FL,2020,129,0,88,2,17,0,1,15,10,1,0,1,3,70,131,11,78,16,3,27,10,1,56,2,3,1
FL,2021,6956,16,4666,107,1933,224,90,1757,96,205,0,231,1214,1616,13970,2438,8404,1865,261,3908,256,52,7327,4385,397,162
FL,2022,9375,15,6957,128,2369,306,157,2145,134,258,0,359,1498,2009,16076,3237,12887,2478,374,4910,331,51,9994,5040,560,433
GA,2018,1500,1,202,7,70,5,9,65,3,12,0,4,63,67,292,116,1092,77,12,144,8,1,316,11,19,0
GA,2019,8849,22,5348,228,1540,270,265,1322,127,289,20,252,706,1146,2726,1900,13897,1079,267,2493,220,47,4022,1906,629,113
GA,2020,24367,102,21947,769,5127,735,738,5136,453,1152,0,988,2750,4993,13018,7407,54033,4323,966,8838,835,178,17185,5668,2351,447
GA,2021,27157,139,25248,737,5844,898,842,5179,460,1109,0,1025,3067,5475,16653,8600,56011,4856,985,9840,904,200,22080,6725,2550,468
GA,2022,27528,132,22773,706,6422,944,873,4957,447,1193,0,988,2980,5311,18847,9044,60125,4791,981,10004,971,191,21476,6592,2666,562
HI,2018,1984,4,1314,17,367,24,17,261,17,12,24,62,191,230,374,212,2118,134,43,508,28,10,3122,26,132,9
HI,2019,2529,4,1148,21,306,58,48,293,33,39,0,59,221,262,597,255,5089,183,36,505,43,4,6147,64,135,17
HI,2020,2070,6,1223,14,268,34,36,255,16,24,0,46,302,277,479,253,4512,200,56,507,34,10,5467,36,153,9
HI,2021,2819,3,2292,31,477,63,30,451,20,65,0,95,474,390,1224,514,5338,370,56,904,54,26,7966,155,175,23
HI,2022,2516,7,1897,23,369,47,55,410,13,36,0,68,455,360,1153,447,4587,274,43,813,38,19,7495,154,104,24
IA,2018,4857,24,5202,110,784,42,45,690,63,78,147,83,249,509,3615,920,2275,631,125,1658,101,49,2294,1171,399,241
IA,2019,5723,36,6349,153,896,54,49,816,73,86,166,112,338,645,5034,1033,3072,734,179,1872,130,61,2891,1193,444,201
IA,2020,5942,49,6576,159,922,43,48,854,84,106,168,95,474,672,4813,1100,3207,765,153,1847,129,61,3352,1177,530,228
IA,2021,9815,32,7532,119,1099,107,130,1320,77,209,0,161,800,939,6819,1773,5696,960,164,2003,165,46,7534,1685,718,184
IA,2022,8491,32,6057,152,1065,107,100,1338,58,249,0,153,816,799,5684,1614,4623,863,161,1817,164,67,6869,1566,602,161
ID,2018,3508,41,3426,115,1160,59,37,663,89,70,102,149,349,442,2104,860,1348,553,227,2136,137,58,1914,2235,413,178
ID,2019,3529,24,3410,90,1201,72,39,625,85,84,61,131,364,423,1903,777,1431,556,212,2083,111,70,1921,2067,462,153
ID,2020,4542,45,3605,86,1203,94,163,902,128,180,11,162,702,578,2121,1151,3943,690,261,2139,149,69,4575,2326,487,185
ID,2021,4791,28,3288,106,1325,120,194,1089,81,225,0,159,661,677,2396,1400,4257,643,259,2081,142,47,5154,2202,542,242
ID,2022,4742,29,3149,90,1176,110,184,971,95,183,0,158,653,679,2747,1398,3715,635,205,2187,150,55,4453,2040,448,167
IL,2018,827,6,1973,54,171,13,5,257,13,14,93,22,65,184,669,194,1340,210,28,269,25,8,1129,181,72,7
IL,2019,810,7,2057,50,157,5,7,180,10,15,79,31,38,169,485,201,1098,203,21,244,18,5,892,169,77,6
IL,2020,1223,9,2116,49,198,29,13,279,18,19,49,40,111,278,682,276,4101,230,29,374,31,10,1438,199,89,54
IL,2021,15545,42,18746,298,3770,416,415,3882,168,589,0,664,3256,4502,9806,5119,44179,3465,444,5284,465,168,23557,4122,939,3030
IL,2022,22700,62,28053,418,6052,727,686,6133,295,970,0,1136,5522,7510,17841,7956,68000,5482,702,7963,611,243,38931,6423,1365,3166
IN,2018,783,5,1507,36,226,32,31,313,15,25,20,50,184,252,1259,254,2045,206,39,432,44,10,473,533,234,30
IN,2019,3867,43,5792,156,1001,169,132,1207,119,125,3,154,574,772,3140,995,5934,712,226,1632,132,44,3181,1382,430,161
IN,2020,9703,81,13590,398,2515,294,297,3390,205,400,3,424,1725,2107,7618,2719,19616,1792,485,3742,315,135,10531,3586,1032,287
IN,2021,11946,92,13800,487,2967,442,457,3842,262,570,0,486,2164,2581,8845,3698,20836,2346,584,4844,486,154,13226,4953,1104,254
IN,2022,11724,85,12989,459,3137,486,474,3627,253,548,0,507,2017,2480,9798,3594,18877,2389,591,4675,400,130,13589,5643,1217,254
KS,2018,11559,42,7660,202,1613,71,51,962,129,174,344,268,593,882,3416,2054,3327,1365,308,3594,252,55,6956,4240,579,329
KS,2019,11992,34,7906,223,1759,70,65,1186,121,247,386,277,648,899,3597,2235,3781,1292,300,3644,206,68,6830,4082,596,266
KS,2020,12438,19,8729,209,1848,73,61,1199,108,253,516,319,867,996,3992,2554,5153,1528,327,3763,235,68,7609,4716,662,257
KS,2021,13671,40,9521,256,1816,102,69,1261,137,255,1,282,813,1009,4255,2650,6302,1480,301,3764,236,78,7392,4781,694,296
KS,2022,12254,31,8411,207,1676,88,86,1184,150,238,0,267,762,856,4041,2376,6688,1454,267,3446,228,73,6506,4146,631,215
KY,2018,9808,88,8682,432,2549,124,142,1569,272,276,372,295,1188,1524,5232,1970,3021,1126,475,3077,201,131,9958,1680,581,90
KY,2019,15647,89,9433,346,2659,399,594,2993,251,719,378,532,2228,2384,7843,3499,6797,1968,412,3255,395,200,23163,1456,829,121
KY,2020,14235,78,10159,363,2671,339,416,2962,247,646,416,438,2453,2336,7564,3360,5860,1973,467,3117,381,190,23998,1513,800,51
KY,2021,12938,66,10437,350,2781,259,401,2567,249,596,0,417,2450,2200,7381,3009,5636,1838,431,3075,330,145,21572,1425,813,54
KY,2022,11101,80,8084,279,2516,270,363,2097,222,496,0,395,2021,1809,6994,2633,5866,1532,430,2695,271,116,18916,1300,672,38
LA,2018,2228,4,3254,71,487,28,34,454,37,52,75,123,205,510,1866,563,4102,470,107,1154,90,26,597,1495,216,221
LA,2019,3255,5,3702,93,541,46,29,474,47,77,11,110,258,569,1703,649,3802,541,128,1192,92,24,749,2040,320,197
LA,2020,3902,8,6158,150,763,42,39,684,50,115,0,176,436,838,2444,904,5185,784,151,1688,137,29,1455,2182,447,361
LA,2021,8102,18,12870,384,1898,179,171,1424,137,263,0,356,983,1809,5777,2315,12309,1654,386,3798,289,87,3629,3850,826,925
LA,2022,8449,28,12054,382,1920,188,214,1399,161,255,0,355,891,1725,6050,2260,12165,1682,407,3707,283,74,3626,4264,782,945
MA,2018,7313,57,12910,237,1871,200,160,1879,140,171,507,340,1681,1297,8506,2807,7069,1868,284,3368,281,88,10424,1702,1010,101
MA,2019,9258,50,13380,247,1989,325,371,2449,140,326,325,406,2340,1630,11023,3545,11355,2176,317,3468,284,69,17019,1952,1346,133
MA,2020,9362,22,14000,243,2014,293,339,2808,103,392,0,460,3833,1888,12741,4000,17115,2474,325,3549,365,80,20910,2111,1356,114
MA,2021,9686,23,12914,188,2124,366,345,2837,122,366,0,440,3843,1921,11745,3756,18268,2435,316,3472,344,102,20153,2532,1003,120
MA,2022,9134,46,12287,206,2138,355,413,2783,103,377,0,411,3645,1939,11634,3952,19963,2467,365,3593,317,74,19597,2597,934,168
MD,2018,875,7,734,174,201,32,13,162,1,14,31,6,67,149,1011,212,617,195,25,541,16,9,1295,856,24,8
MD,2019,1400,10,1029,302,259,72,26,239,9,17,40,12,113,236,1097,234,12151,219,59,598,32,11,2713,857,36,13
MD,2020,1434,12,1480,355,291,46,36,230,17,35,31,26,181,289,897,294,19206,265,74,709,39,11,2895,919,59,22
MD,2021,7439,38,8846,541,1713,225,153,1706,135,305,0,227,1181,1366,4774,2316,32293,1614,254,2827,203,68,7592,9194,302,72
MD,2022,10698,59,11865,598,2390,356,239,2210,154,454,0,319,1605,1824,7465,3437,45616,2291,351,3990,364,101,12229,12315,462,97
ME,2018,919,5,1045,26,159,17,11,275,18,15,33,20,162,113,607,204,159,107,38,259,26,7,623,98,144,23
ME,2019,1422,12,1460,53,285,24,35,331,36,37,22,48,286,179,858,268,287,197,59,389,47,20,950,191,173,19
ME,2020,2153,8,1708,40,324,39,45,566,38,64,0,63,637,310,1175,498,490,254,62,493,55,12,2092,231,178,35
ME,2021,3409,16,2622,80,513,107,101,888,55,110,0,96,872,433,1615,667,745,340,80,778,69,39,2978,333,273,38
ME,2022,3545,11,2444,69,439,100,115,832,41,120,0,96,796,342,1698,757,1157,318,84,839,109,20,3362,252,237,38
MI,2018,18936,86,20829,629,5564,616,483,5967,459,624,533,738,3003,4194,40724,6886,29019,5673,890,9615,811,329,13760,3479,1346,453
MI,2019,17408,93,21162,601,6074,706,878,6950,490,990,216,824,3985,4891,50230,7985,82373,6309,973,9530,939,355,23567,3330,1593,441
MI,2020,16836,84,23810,580,5890,588,681,7563,487,985,22,807,5238,5445,55517,8639,80051,6551,865,9599,931,319,26441,3280,1634,447
MI,2021,18147,84,26790,741,6920,803,758,8440,541,1105,0,1008,5848,5923,61297,9815,63575,6951,1122,10492,1086,373,30363,4055,1993,525
MI,2022,17766,78,25269,754,7443,870,818,8247,591,1223,0,948,5577,5883,60731,10253,61967,7258,1204,10328,1107,349,32692,4281,1837,504
MN,2018,1117,8,1157,51,257,18,10,114,18,9,6,32,66,159,427,253,545,212,47,323,21,10,491,317,73,15
MN,2019,3774,19,3732,159,1323,53,41,498,60,78,0,70,247,579,1386,746,3846,639,125,867,75,36,2454,1008,217,48
MN,2020,5941,46,6044,260,1844,84,46,716,74,97,0,106,460,819,2242,1304,7285,1072,155,1655,99,46,3956,1752,346,78
MN,2021,9125,63,8606,324,2049,131,82,864,118,128,0,153,696,1093,3393,1997,12556,1482,237,2345,149,87,6102,2537,459,104
MN,2022,8761,49,7616,309,2315,135,72,862,106,129,0,124,571,1078,3472,1929,12906,1369,222,2317,171,78,5415,2590,469,81
MO,2018,3333,15,5772,151,740,81,42,619,54,84,250,105,242,680,2062,870,8203,654,111,1529,88,13,2291,1830,301,63
MO,2019,4361,29,6564,174,1095,95,49,867,62,140,7,159,410,848,1742,1226,12022,841,139,1992,149,22,3645,2726,260,50
MO,2020,10567,69,12251,403,2384,216,217,2395,185,449,0,383,1486,1905,4393,3212,33991,2140,353,4338,318,101,13849,5857,716,107
MO,2021,16204,93,17552,446,3631,381,451,3745,306,679,0,599,2548,2951,7720,4902,45345,3059,586,6827,478,166,23501,8517,1071,193
MO,2022,15832,110,16004,420,3478,337,395,3253,274,671,0,596,2417,2794,7571,4928,42743,3196,593,6416,510,157,22424,8062,1048,165
MS,2018,1339,3,1777,43,179,32,9,296,14,22,55,45,213,210,707,281,1740,222,50,567,40,8,1061,767,121,9
MS,2019,1766,12,2288,51,272,67,49,469,31,34,41,75,315,321,949,407,2812,335,73,784,52,17,1150,1193,145,18
MS,2020,4241,11,4278,81,503,97,96,716,70,129,3,174,596,824,1994,861,8232,663,130,1404,125,27,2082,1547,327,39
MS,2021,4385,23,4986,92,560,109,113,795,49,152,0,177,705,873,2568,1008,10344,650,147,1629,125,28,2420,1806,321,56
MS,2022,3584,23,4130,84,534,149,118,654,64,118,0,182,554,772,2202,820,9902,537,140,1543,116,42,1853,1462,281,54
MT,2018,2060,23,2568,110,599,24,14,414,67,58,41,87,129,277,1273,574,1555,402,143,977,60,26,1687,468,266,141
MT,2019,2178,22,2614,92,640,30,24,419,60,73,0,64,164,272,1210,542,1535,428,102,948,74,40,1742,437,231,159
MT,2020,2185,32,3014,109,723,22,12,387,49,50,0,89,254,276,1273,637,1662,456,133,1015,74,43,1914,415,294,169
MT,2021,2656,13,3445,98,785,40,25,418,47,124,0,97,248,404,1428,875,2050,627,112,1074,64,30,2526,542,255,172
MT,2022,2468,17,2927,80,745,21,31,432,72,111,0,109,231,381,1592,760,1781,485,138,1100,76,27,2516,525,300,117
NB,2018,2645,14,1667,78,418,25,9,339,26,19,42,46,113,217,1208,419,821,396,69,850,57,23,797,1236,97,30
NB,2019,2445,21,1832,63,443,28,17,330,28,37,20,58,104,257,1029,444,698,338,81,827,56,21,853,1264,102,20
NB,2020,2345,7,1987,73,494,48,15,359,33,35,0,58,115,268,956,402,830,373,81,782,54,23,951,1141,86,24
NB,2021,4144,23,3121,152,1060,36,54,843,66,99,0,103,417,528,2228,944,3814,616,161,1171,104,42,3263,1184,245,39
NB,2022,4234,34,3094,115,1054,47,72,840,62,116,0,75,498,453,2097,1100,4131,689,139,1167,97,32,3600,2113,191,32
NC,2019,22120,146,31207,836,4891,540,397,4186,387,491,0,643,2637,3504,15815,4871,18542,3609,765,8457,461,126,13689,10620,2060,584
NC,2020,20341,117,35529,1033,5269,472,371,4428,431,571,0,707,3078,3933,15549,5561,22593,3978,825,8853,555,148,14141,10485,2455,699
NC,2021,20617,137,35456,1049,5608,565,442,4362,448,602,0,751,3130,4079,17024,5439,25028,3973,933,8831,519,142,13292,11996,2440,707
NC,2022,22571,150,32918,978,5793,639,526,4259,449,726,0,723,3385,3987,17209,5729,30444,3910,818,8481,552,157,13962,12380,2121,713
ND,2018,1910,25,2820,86,497,21,29,461,42,16,84,80,183,233,1579,410,397,436,81,680,62,24,917,1014,130,0
ND,2019,1947,24,2877,77,553,35,44,520,40,21,82,50,182,260,1766,447,382,375,80,772,59,26,862,944,119,0
ND,2020,1870,26,2879,64,565,20,9,536,33,19,74,66,178,211,1708,450,376,441,84,762,52,21,1042,1064,123,1
ND,2021,2663,28,2560,67,613,49,27,546,36,58,0,55,248,362,2070,610,925,487,88,766,49,20,1587,1297,167,0
ND,2022,2562,18,2338,52,619,56,54,636,28,53,0,77,267,336,2169,668,1008,462,90,807,56,18,1932,1177,139,1
NH,2018,2892,24,3817,96,759,45,39,704,68,84,138,69,467,311,2212,1050,812,527,157,1154,89,43,1753,864,392,32
NH,2019,2990,17,3312,85,746,78,82,866,75,121,133,84,523,379,2357,1268,974,565,126,1124,118,41,3068,876,343,48
NH,2020,2863,17,3118,97,760,63,80,833,70,135,72,108,732,445,2451,1467,1322,545,144,1143,149,48,4043,879,320,29
NH,2021,3324,17,2949,75,776,99,102,993,82,166,0,106,735,474,2727,1373,2156,587,151,1146,130,48,4657,855,271,30
NH,2022,3325,15,2659,89,774,96,102,861,77,137,0,99,757,468,2442,1476,1737,553,136,1172,124,38,4125,775,290,38
NJ,2020,8,0,9,0,0,0,0,0,0,0,0,0,0,0,4,1,16,0,1,3,0,0,3,2,0,0
NJ,2021,3118,10,6990,129,442,161,117,795,30,38,0,56,624,597,1837,930,3151,614,41,1855,72,21,7114,591,233,144
NJ,2022,5667,18,11935,183,966,355,238,1529,64,157,0,150,1287,1084,5395,2087,6569,1282,115,3572,168,35,13572,1255,628,267
NM,2018,1774,6,4859,98,659,55,24,354,42,86,14,89,357,358,844,1137,6883,615,89,1069,77,21,2018,69,326,31
NM,2019,2052,5,5000,71,687,46,46,558,54,166,10,124,471,499,1979,1510,33940,675,97,1297,95,26,4061,140,418,40
NM,2020,3047,10,6601,121,935,87,52,810,72,252,6,243,772,912,2673,2137,13736,1054,148,1763,163,51,7743,304,636,81
NM,2021,4398,15,8707,212,1209,156,113,1213,108,367,0,377,1122,1507,3808,3114,17287,1380,217,2548,231,40,9664,738,1099,126
NM,2022,4608,21,7959,147,1310,167,119,1226,117,399,0,455,1165,1579,4800,3199,20838,1379,243,2336,250,47,7383,1043,1155,148
NV,2018,0,0,0,0,1,0,0,0,0,0,0,0,0,1,0,0,1,0,0,0,0,0,11,0,0,0
NV,2019,257,3,327,6,65,12,17,67,4,13,0,9,40,41,154,126,2081,42,15,134,5,2,388,91,10,15
NV,2020,3983,21,7482,141,1200,186,126,1211,88,193,0,191,927,794,2418,1822,21938,958,184,2334,184,74,10223,1314,443,96
NV,2021,9344,69,17211,352,3162,394,272,2475,238,388,0,425,2026,1978,5195,4489,33321,1997,474,5964,363,155,27298,2122,1029,202
NV,2022,8698,50,15477,355,3188,430,314,2239,198,391,0,358,1799,1918,5486,4565,31459,1827,480,5810,389,106,28596,1816,1074,155
NY,2018,7,0,26,0,1,0,0,1,1,0,0,0,1,7,20,4,193,0,2,0,2,1,11,0,19,0
NY,2019,20,0,361,1,2,1,1,4,0,2,0,0,1,4,59,5,2430,6,2,10,1,0,54,0,290,0
NY,2020,82,0,3969,2,17,3,9,19,3,2,0,2,15,22,97,30,22871,20,3,32,2,2,187,0,3830,0
NY,2021,899,2,11855,17,128,24,28,146,4,30,0,19,168,168,579,239,66643,117,13,158,20,10,1250,0,9992,1
NY,2022,6623,8,11216,105,888,159,134,1268,46,226,0,158,1523,913,4661,2596,42895,1123,94,2291,185,50,13174,0,10150,0
OH,2018,27828,154,26943,978,8870,456,285,4647,584,742,779,664,4642,10612,23077,7195,24875,5143,657,8475,753,215,12530,8861,1885,1976
OH,2019,27581,147,28771,912,9262,484,241,5123,641,773,840,611,4908,10560,23904,7546,28906,5411,770,8560,795,234,14096,8924,2066,1942
OH,2020,34961,155,35285,962,8894,571,385,7168,565,1281,114,681,7135,12416,29325,9280,66948,6208,788,8791,835,207,23049,9941,3018,1899
OH,2021,36043,138,34117,894,7898,739,462,6899,515,1237,0,677,7791,12302,30569,9585,70246,6159,779,8740,823,216,24513,10122,2634,2981
OH,2022,33659,137,30712,928,8136,794,478,6828,557,1405,0,709,7599,11516,29731,9965,63330,6803,790,8653,928,242,22952,10229,2532,3366
OK,2018,3604,19,3244,204,1520,58,63,766,160,145,81,336,545,791,4091,1021,3597,830,372,2112,210,59,1757,837,566,186
OK,2019,5568,46,4282,370,2010,153,132,1009,205,188,148,427,792,1169,5356,1312,3889,1004,441,2515,233,88,4711,910,610,218
OK,2020,5989,34,5259,394,2137,178,130,1095,210,181,184,409,1107,1414,6240,1569,4551,1185,401,2640,233,99,5870,1142,732,214
OK,2021,9631,66,9921,519,3411,260,261,1742,349,334,0,532,1882,2087,10384,2484,5501,1805,585,4523,353,109,11029,1574,1343,237
OK,2022,9926,55,9613,532,3458,300,268,1600,325,334,0,533,1884,2169,11354,2591,5817,1920,577,4544,328,118,11218,1709,1280,251
OR,2018,6388,61,7993,256,1516,100,58,1171,140,156,222,209,640,828,3549,1844,5329,1111,333,2323,231,67,6724,1456,698,130
OR,2019,6160,49,7187,252,1555,112,119,1115,155,120,4,181,693,829,3506,1831,5693,1169,295,2405,213,71,6477,1791,535,134
OR,2020,5342,47,7187,238,1392,76,49,977,125,133,0,207,871,804,3271,1898,5189,1136,269,2346,237,77,6457,1896,570,146
OR,2021,5435,32,7292,255,1405,91,56,1003,122,133,0,203,944,915,3299,1800,6107,1152,243,2323,189,75,7061,1982,538,136
OR,2022,5271,36,6538,190,1429,90,56,997,98,142,0,142,919,800,3246,1781,6313,1087,242,2254,193,50,6798,1995,532,158
PA,2018,199,3,205,10,29,1,1,17,4,11,7,1,27,28,86,41,32,23,14,71,3,2,109,16,13,4
PA,2019,344,2,229,9,79,5,3,21,1,2,2,6,21,28,84,62,189,34,18,77,9,3,229,5,12,2
PA,2020,393,1,250,11,81,6,8,23,5,11,0,8,56,38,119,110,342,37,11,101,9,1,295,2,17,5
PA,2021,9440,54,11491,333,2199,276,327,1800,174,345,0,356,2548,2220,8383,3218,22960,2068,315,2868,271,99,13288,6744,703,316
PA,2022,11230,78,12710,312,2583,398,469,1863,177,412,0,335,2699,2607,9902,3734,18381,2309,361,3185,316,102,16704,6704,772,335
RI,2018,1590,3,2844,74,249,22,16,344,15,28,81,36,184,292,1258,353,824,291,49,556,41,20,1553,31,246,38
RI,2019,1543,6,2754,58,247,37,23,410,24,39,93,34,179,290,1351,470,898,290,54,651,46,9,1749,11,218,39
RI,2020,2036,4,2586,48,256,42,46,534,15,61,45,43,325,266,1392,566,1384,299,46,604,54,19,2897,29,267,41
RI,2021,2085,8,2475,31,252,48,37,481,19,52,0,58,366,284,1337,522,1421,298,56,603,45,12,3100,35,204,33
RI,2022,2060,7,2222,26,259,58,58,510,12,79,0,58,380,251,1412,579,1570,309,34,582,50,21,3309,27,158,32
SC,2018,22634,64,23500,585,3957,371,281,3151,385,432,487,585,1705,3749,9602,3715,9790,3279,662,7494,422,100,8672,11087,903,1201
SC,2019,22534,68,23576,592,3786,362,249,2991,349,462,43,563,1587,3471,9796,3593,9871,3066,638,7070,384,111,8484,11170,871,960
SC,2020,19066,47,24348,447,3452,325,191,2662,299,433,0,501,1853,3511,8921,3668,9982,3095,549,6967,412,124,8460,10210,793,899
SC,2021,19128,56,23982,436,3639,352,212,2633,326,499,0,514,1825,3329,9894,3806,10506,2893,517,6695,405,115,9256,10243,723,613
SC,2022,19208,49,22298,373,3559,403,269,2573,305,456,0,460,1742,3294,9841,3756,10926,2983,515,6350,376,99,8463,10385,642,449
SD,2018,1850,13,2079,36,299,8,7,236,31,21,42,27,62,205,843,346,3540,385,54,612,31,14,774,255,132,18
SD,2019,1957,16,2381,40,367,4,11,251,28,15,39,34,70,236,798,373,3752,399,47,684,40,17,868,309,183,20
SD,2020,2473,14,3452,56,500,11,9,362,30,27,29,37,153,277,1013,550,1390,536,74,883,49,29,1476,483,225,21
SD,2021,3249,8,3818,60,608,31,47,436,36,63,0,60,165,376,1551,775,2626,660,81,955,62,16,2525,343,282,28
SD,2022,3429,13,3756,54,552,37,72,506,26,127,0,62,235,516,2035,919,1959,741,72,886,65,22,3595,432,302,29
TN,2018,27909,70,37692,743,5522,526,475,4646,435,859,1527,1114,3156,4736,14819,7220,19612,5461,930,11368,820,191,22888,15468,2141,139
TN,2019,26009,74,31132,638,5403,521,534,4448,469,911,913,1153,3100,4536,14492,6921,22608,5412,860,11024,749,235,22597,15453,1533,142
TN,2020,23467,57,30560,624,5330,480,406,4497,438,897,0,1073,3455,4522,13721,6707,31938,5206,881,10222,736,199,23353,14455,1491,148
TN,2021,24725,55,29069,575,5691,495,473,4393,442,900,0,1038,3560,4228,14001,7217,50273,5407,859,10073,742,194,26540,15786,1431,131
TN,2022,23376,56,24249,611,5451,575,487,3876,312,855,0,944,3388,4175,11155,6642,28509,4806,788,9251,723,201,23981,16031,1295,180
TX,2018,25611,123,30050,437,5136,746,456,4091,529,769,618,1620,2485,17775,7717,7777,31695,6310,1372,13798,1032,249,23103,7457,3927,4822
TX,2019,42303,180,45992,419,7769,1188,902,6770,766,1196,747,2476,4059,26597,12912,11447,52797,9711,2141,20528,1494,406,45859,10471,5863,6725
TX,2020,59093,177,66484,977,11309,1341,1349,9824,986,1635,61,3889,7819,31314,16867,17312,100708,14060,2896,29220,2203,568,81375,14596,8510,9273
TX,2021,80471,238,83669,1252,14628,1936,2277,13688,1343,2421,0,5100,11473,32092,30490,23514,204981,17678,3931,37971,2822,827,117582,18637,11162,12167
TX,2022,77467,284,77154,1082,14979,2130,2464,13107,1261,2688,0,5004,10992,29527,33415,24363,216113,17672,3632,37514,2812,739,122567,17347,10224,10572
UT,2018,5002,38,4748,253,2424,87,58,1064,173,94,167,213,453,1029,2849,1263,5022,1167,312,2653,117,47,3489,2212,554,165
UT,2019,5539,28,5167,185,2496,111,118,1040,191,120,132,205,595,950,3096,1468,8317,1341,312,2693,119,68,4480,2182,537,162
UT,2020,7228,37,5794,270,2843,116,174,1449,136,217,90,283,812,1189,3236,1966,13289,1501,319,3072,181,72,7648,2428,707,195
UT,2021,9887,45,6379,289,3245,205,242,1715,208,288,0,325,1061,1431,3259,2571,15740,1703,371,3521,201,82,11433,2427,663,268
UT,2022,10159,39,5789,313,3209,226,225,1625,164,284,0,314,951,1357,2823,2333,19725,1465,323,3426,184,75,10988,2348,605,284
VA,2018,17902,115,19878,756,4654,360,278,3804,352,473,817,530,1343,3094,11856,5336,16659,4005,713,9265,462,180,9310,11930,1089,704
VA,2019,19695,106,19299,508,4710,437,437,4016,360,605,108,604,1700,3354,13349,6159,23796,4294,667,9437,510,194,15993,12078,1119,767
VA,2020,16943,93,19152,569,4426,407,354,4073,371,587,0,683,2008,3102,11731,6001,18810,4093,629,9159,525,162,16039,10899,994,718
VA,2021,16609,100,18928,482,4390,382,402,3835,383,604,0,664,2206,3162,12775,5847,17686,3938,632,8967,475,183,17345,10910,985,682
VA,2022,18564,123,17993,469,4687,482,498,4206,380,706,0,652,2207,3511,14031,6486,23167,4327,740,8983,575,185,20450,11036,1042,658
VT,2018,923,3,775,46,200,11,8,127,12,19,4,18,69,103,646,160,224,88,23,227,15,8,340,195,96,30
VT,2019,1167,1,781,49,164,14,17,126,12,18,5,17,87,101,952,170,299,106,27,273,22,13,686,262,90,34
VT,2020,1120,3,742,41,157,10,14,128,5,20,1,15,115,83,803,182,355,94,33,226,15,10,803,198,69,16
VT,2021,1190,3,733,21,157,8,30,149,7,24,0,25,137,112,794,198,527,83,20,214,22,7,1047,143,78,8
VT,2022,1259,2,601,29,156,26,24,155,7,29,0,21,183,106,872,293,755,115,27,305,26,8,1622,219,105,9
WA,2018,10693,1167,18443,517,3398,307,157,2675,261,370,810,454,1876,2084,10455,5112,10499,3120,574,5923,462,165,17521,2386,976,253
WA,2019,16222,95,17617,461,3261,356,464,3860,244,815,183,648,2914,2585,14251,7391,67027,3569,638,6540,672,138,35922,2080,1136,257
WA,2020,14660,40,15932,494,2940,303,366,3832,256,832,0,559,3634,2561,12684,7001,75579,3542,518,6188,646,163,38349,2225,1086,211
WA,2021,14093,51,14954,441,3122,229,352,3674,259,665,0,591,4212,2460,13087,6830,55044,3400,522,5838,504,159,36084,2143,868,227
WA,2022,14361,45,14287,365,3017,251,378,3370,222,685,0,531,3945,2455,13186,6975,60479,3321,490,5867,552,154,36964,2369,847,190
WI,2018,6567,54,12154,256,1390,111,58,1236,96,88,149,76,272,1137,2719,1499,4577,1072,192,2001,164,60,5399,1539,221,80
WI,2019,8781,62,14179,329,1607,125,107,1469,105,164,0,134,397,1057,3360,2017,5179,1270,255,2278,204,78,7315,2059,271,96
WI,2020,10170,70,18261,327,1700,139,188,1966,129,314,0,142,714,1521,4336,2954,7063,1647,252,2842,271,103,11071,1858,422,126
WI,2021,11731,53,19624,369,2115,280,238,2289,149,388,0,172,882,1576,5003,3383,8264,1664,330,3087,284,111,13470,2238,492,113
WI,2022,11473,56,17932,336,2034,271,279,2384,109,344,0,171,942,1603,5823,3488,8013,1724,285,3002,302,99,13342,2306,468,125
WV,2018,2399,19,3394,65,645,23,23,282,53,94,70,89,310,387,1506,674,1600,384,72,1000,79,16,1578,512,217,148
WV,2019,2444,17,3313,57,752,28,10,297,66,117,61,109,296,477,1494,809,1276,428,100,1175,105,32,1529,448,260,111
WV,2020,2491,9,3494,67,865,24,16,333,94,122,53,94,377,452,1500,859,1430,489,117,1228,94,32,1518,509,275,104
WV,2021,2237,11,3316,93,828,24,18,292,82,119,0,118,378,448,1521,863,1528,399,99,1120,78,39,1542,409,276,82
WV,2022,2168,9,2922,81,866,27,20,263,96,112,0,83,381,434,1259,778,1205,401,96,1055,78,18,1221,567,217,95
WY,2018,1,0,0,0,0,0,0,0,0,0,0,0,0,0,0,0,0,0,0,0,0,0,0,0,0,0
WY,2019,124,3,130,7,19,2,6,27,0,6,0,2,7,20,44,20,29,24,2,38,3,0,78,33,12,13
WY,2020,363,6,249,8,48,8,6,76,5,6,0,7,19,44,103,64,86,42,11,159,4,4,251,85,28,27
WY,2021,1794,18,971,28,348,55,41,334,31,50,0,69,149,212,682,350,479,224,58,479,34,13,1248,664,92,34
WY,2022,1855,14,955,34,351,28,32,327,33,61,0,44,147,212,687,351,354,220,57,507,41,10,1185,795,102,24
